src_uid,dst_uid
ent:10497,ent:20034
ent:10497,ent:27901
ent:10497,ent:56307
ent:1073,ent:12169
ent:1073,ent:24523
ent:1073,ent:3259
ent:1073,ent:42593
ent:11036,ent:2266
ent:11036,ent:48853
ent:11036,ent:66066
ent:11039,ent:14449
ent:11039,ent:16760
ent:11040,ent:31264
ent:11087,ent:41421
ent:11598,ent:33644
ent:11598,ent:56307
ent:11598,ent:58380
ent:12010,ent:30115
ent:12010,ent:53846
ent:12169,ent:1073
ent:12169,ent:11087
ent:12169,ent:15119
ent:12169,ent:22022
ent:12169,ent:31264
ent:12169,ent:33644
ent:12169,ent:37020
ent:12169,ent:47273
ent:12169,ent:48853
ent:12169,ent:59389
ent:12169,ent:66066
ent:12169,ent:8528
ent:12169,ent:9845
ent:12754,ent:14880
ent:12754,ent:20034
ent:12754,ent:35882
ent:13187,ent:32380
ent:13187,ent:35865
ent:13187,ent:49329
ent:13187,ent:62755
ent:13268,ent:11087
ent:13268,ent:31264
ent:13268,ent:44858
ent:13268,ent:44922
ent:13268,ent:70562
ent:14368,ent:30194
ent:14368,ent:34660
ent:14368,ent:38122
ent:14368,ent:40471
ent:14449,ent:49366
ent:14449,ent:53846
ent:146,ent:13268
ent:146,ent:20034
ent:146,ent:30194
ent:146,ent:31271
ent:146,ent:32478
ent:146,ent:56307
ent:146,ent:69514
ent:14809,ent:20034
ent:14809,ent:27901
ent:14809,ent:33644
ent:14809,ent:43748
ent:14809,ent:56307
ent:14828,ent:31264
ent:14828,ent:38502
ent:14828,ent:43748
ent:14828,ent:53846
ent:14828,ent:9845
ent:14880,ent:24756
ent:14880,ent:31264
ent:14880,ent:40472
ent:14880,ent:53846
ent:14880,ent:66066
ent:14880,ent:9845
ent:15119,ent:14449
ent:15119,ent:24523
ent:15119,ent:70562
ent:15119,ent:7709
ent:15578,ent:31271
ent:16244,ent:27901
ent:16244,ent:56307
ent:16632,ent:1073
ent:16632,ent:30204
ent:16632,ent:31264
ent:16632,ent:40207
ent:16632,ent:48853
ent:16632,ent:9845
ent:16760,ent:2266
ent:17085,ent:16632
ent:17085,ent:17788
ent:17085,ent:20034
ent:17085,ent:40472
ent:17664,ent:14368
ent:17664,ent:23447
ent:17664,ent:30204
ent:17664,ent:31264
ent:17664,ent:32478
ent:17664,ent:35882
ent:17664,ent:47
ent:17664,ent:48317
ent:17664,ent:53846
ent:17664,ent:66066
ent:17664,ent:69514
ent:17664,ent:9845
ent:17788,ent:40472
ent:17788,ent:53846
ent:17788,ent:9845
ent:18206,ent:28975
ent:20034,ent:14449
ent:20034,ent:26150
ent:20034,ent:30243
ent:20034,ent:31264
ent:20034,ent:32478
ent:20034,ent:42593
ent:20034,ent:48853
ent:20034,ent:62903
ent:20034,ent:66066
ent:20034,ent:9845
ent:20036,ent:14449
ent:20036,ent:20034
ent:20036,ent:2266
ent:20036,ent:53846
ent:20036,ent:58295
ent:2091,ent:31271
ent:22022,ent:3755
ent:22022,ent:42593
ent:2266,ent:14449
ent:2266,ent:20036
ent:2266,ent:34660
ent:2266,ent:40472
ent:23390,ent:12169
ent:23390,ent:23447
ent:23390,ent:43748
ent:23390,ent:8664
ent:23447,ent:4389
ent:23951,ent:40472
ent:23951,ent:6011
ent:24523,ent:1073
ent:24523,ent:15119
ent:24523,ent:23390
ent:24523,ent:30194
ent:24523,ent:3202
ent:24523,ent:33644
ent:24523,ent:35882
ent:24523,ent:40207
ent:24523,ent:44509
ent:24523,ent:47273
ent:24523,ent:59389
ent:24523,ent:7078
ent:24523,ent:8528
ent:24523,ent:9845
ent:24681,ent:31271
ent:24681,ent:35865
ent:24681,ent:70562
ent:24756,ent:31264
ent:24756,ent:53846
ent:24756,ent:56307
ent:24756,ent:9845
ent:26150,ent:14880
ent:26150,ent:20034
ent:26150,ent:24523
ent:26150,ent:31264
ent:26150,ent:33644
ent:26150,ent:43748
ent:26150,ent:52765
ent:26744,ent:62755
ent:27573,ent:12010
ent:27573,ent:30194
ent:27573,ent:34660
ent:27573,ent:42593
ent:27901,ent:20034
ent:27901,ent:31264
ent:27901,ent:32478
ent:27901,ent:42593
ent:27901,ent:49071
ent:27901,ent:53846
ent:27901,ent:66066
ent:27901,ent:7709
ent:27901,ent:9845
ent:27914,ent:40472
ent:27973,ent:49329
ent:28082,ent:37020
ent:28082,ent:44922
ent:28975,ent:62755
ent:30115,ent:62755
ent:30194,ent:26784
ent:30194,ent:28082
ent:30194,ent:33644
ent:30194,ent:62848
ent:30204,ent:32380
ent:30204,ent:49329
ent:30204,ent:53846
ent:30204,ent:70562
ent:30243,ent:20034
ent:30243,ent:40472
ent:30273,ent:17664
ent:30273,ent:35882
ent:30273,ent:40472
ent:30273,ent:52765
ent:31264,ent:41118
ent:31271,ent:26150
ent:31271,ent:47273
ent:31271,ent:53846
ent:31271,ent:6011
ent:31271,ent:60684
ent:31271,ent:70562
ent:31271,ent:9845
ent:31365,ent:14449
ent:31365,ent:20034
ent:31365,ent:24523
ent:31365,ent:66066
ent:3202,ent:24523
ent:3202,ent:49329
ent:3202,ent:7709
ent:32380,ent:49329
ent:32380,ent:62755
ent:32478,ent:14368
ent:32478,ent:52765
ent:32478,ent:66066
ent:32478,ent:69514
ent:3259,ent:62755
ent:33644,ent:18206
ent:33644,ent:24523
ent:33644,ent:26150
ent:33644,ent:42593
ent:33644,ent:43748
ent:33644,ent:65591
ent:33644,ent:66066
ent:34660,ent:11087
ent:34660,ent:24681
ent:34660,ent:32380
ent:34660,ent:48317
ent:34794,ent:53846
ent:34794,ent:70562
ent:35865,ent:11087
ent:35865,ent:24681
ent:35865,ent:32380
ent:35865,ent:49329
ent:35865,ent:62755
ent:35865,ent:70562
ent:35882,ent:14449
ent:35882,ent:30194
ent:35882,ent:38122
ent:35882,ent:62848
ent:35943,ent:40472
ent:36040,ent:27914
ent:36678,ent:746
ent:37020,ent:44858
ent:3755,ent:35865
ent:3755,ent:47237
ent:37551,ent:26744
ent:37551,ent:35865
ent:37551,ent:40207
ent:37551,ent:48853
ent:37551,ent:49071
ent:37551,ent:9845
ent:38122,ent:36678
ent:38174,ent:40472
ent:38502,ent:31264
ent:38502,ent:49071
ent:38502,ent:53846
ent:38502,ent:62848
ent:38502,ent:7709
ent:38502,ent:9845
ent:39093,ent:62755
ent:39886,ent:14449
ent:39886,ent:40472
ent:39886,ent:60684
ent:39886,ent:7765
ent:40207,ent:12169
ent:40207,ent:62755
ent:40223,ent:62755
ent:40471,ent:16632
ent:40471,ent:9845
ent:40472,ent:14368
ent:40472,ent:14449
ent:40472,ent:16760
ent:40472,ent:17664
ent:40472,ent:28082
ent:40472,ent:30204
ent:40472,ent:31264
ent:40472,ent:31365
ent:40472,ent:34660
ent:40472,ent:38502
ent:40472,ent:44922
ent:40472,ent:47
ent:40472,ent:48317
ent:40472,ent:49071
ent:40472,ent:50681
ent:40472,ent:53846
ent:40472,ent:69514
ent:40472,ent:9845
ent:41118,ent:13187
ent:41421,ent:62755
ent:41922,ent:12169
ent:41922,ent:13187
ent:41922,ent:34660
ent:41922,ent:35865
ent:41922,ent:49329
ent:42593,ent:18206
ent:42593,ent:20034
ent:42593,ent:32478
ent:42593,ent:33644
ent:42593,ent:48853
ent:42593,ent:49329
ent:42593,ent:69514
ent:42593,ent:7709
ent:42593,ent:9845
ent:43437,ent:30194
ent:43437,ent:70562
ent:43748,ent:18206
ent:43748,ent:20034
ent:43748,ent:26150
ent:43748,ent:31264
ent:43748,ent:32478
ent:43748,ent:42593
ent:43748,ent:48853
ent:43748,ent:49071
ent:43748,ent:9845
ent:4389,ent:62755
ent:44509,ent:66066
ent:44858,ent:11087
ent:44858,ent:62755
ent:44922,ent:13268
ent:44922,ent:49329
ent:44922,ent:70562
ent:47,ent:30194
ent:47,ent:31264
ent:47,ent:31271
ent:47,ent:70562
ent:47001,ent:59958
ent:47237,ent:11087
ent:47237,ent:13268
ent:47237,ent:32380
ent:47237,ent:35865
ent:47237,ent:49329
ent:47273,ent:16760
ent:47273,ent:23447
ent:47273,ent:4389
ent:47273,ent:53846
ent:47273,ent:70562
ent:48237,ent:14449
ent:48237,ent:40472
ent:48237,ent:9845
ent:48266,ent:5494
ent:48266,ent:62755
ent:48317,ent:31264
ent:48317,ent:52765
ent:48317,ent:5494
ent:48317,ent:62848
ent:48317,ent:62903
ent:48317,ent:9845
ent:48853,ent:16632
ent:48853,ent:62848
ent:49071,ent:16632
ent:49071,ent:59524
ent:49329,ent:62755
ent:49366,ent:11087
ent:49366,ent:14449
ent:49366,ent:58295
ent:49366,ent:62848
ent:50681,ent:12169
ent:50681,ent:14449
ent:50681,ent:32478
ent:50681,ent:52765
ent:50681,ent:66066
ent:50681,ent:69514
ent:51737,ent:40472
ent:52765,ent:14368
ent:52765,ent:30194
ent:52765,ent:31264
ent:52765,ent:48317
ent:52765,ent:66066
ent:53846,ent:12169
ent:53846,ent:14449
ent:53846,ent:16632
ent:53846,ent:24523
ent:53846,ent:30204
ent:53846,ent:31264
ent:53846,ent:32380
ent:53846,ent:48237
ent:53846,ent:48317
ent:53846,ent:70562
ent:53846,ent:7709
ent:5494,ent:27901
ent:5494,ent:41421
ent:56307,ent:26150
ent:56307,ent:31271
ent:56307,ent:40472
ent:56307,ent:66066
ent:58295,ent:62755
ent:58380,ent:20034
ent:58380,ent:56307
ent:58380,ent:66066
ent:58380,ent:7709
ent:59389,ent:48266
ent:59432,ent:11039
ent:59432,ent:40472
ent:59432,ent:9845
ent:59524,ent:24523
ent:59524,ent:34660
ent:59958,ent:27573
ent:59958,ent:31271
ent:59958,ent:40472
ent:59958,ent:42593
ent:6011,ent:52765
ent:60684,ent:48237
ent:62848,ent:28082
ent:62848,ent:40472
ent:62848,ent:43748
ent:62903,ent:48266
ent:62903,ent:66066
ent:63766,ent:30194
ent:63766,ent:42593
ent:65591,ent:16760
ent:65591,ent:35943
ent:66066,ent:20034
ent:66066,ent:22022
ent:66066,ent:2266
ent:66066,ent:34660
ent:66066,ent:48853
ent:69514,ent:42593
ent:69514,ent:66066
ent:70562,ent:13268
ent:70562,ent:31271
ent:70562,ent:48853
ent:70562,ent:53846
ent:7078,ent:40223
ent:7078,ent:40740
ent:7078,ent:53846
ent:7078,ent:9845
ent:746,ent:12169
ent:746,ent:16632
ent:746,ent:24523
ent:746,ent:41922
ent:746,ent:47001
ent:7709,ent:27914
ent:7709,ent:38174
ent:8528,ent:12169
ent:8528,ent:24523
ent:8528,ent:746
ent:8664,ent:20034
ent:8664,ent:23447
ent:8664,ent:27901
ent:8664,ent:39093
ent:9845,ent:12169
ent:9845,ent:20034
ent:9845,ent:31264
ent:9845,ent:37551
ent:9845,ent:41118
